{"1":{"codcategoria":"2","codtienda":"5","nombre":"Tostadora","marcamodelo":"Mandine MR-2","notas":"","fcompra":"2021-02-20","importe":"29","fvtogarantia":"2023-02-20","periodo":"AA","unidades":"2","fotografia":"foto_item_1.jpg","factura":"factura_item_1.png","manual":"","tieneMant":false,"motivoMant":"","numeroMNT":"","unidadesMNT":"","periodoMNT":"AA"},"2":{"codcategoria":"5","codtienda":"10","nombre":"Aspiradora","marcamodelo":"Conga Rockstar 900 Ultimate","notas":"","fcompra":"2021-05-20","importe":"228","fvtogarantia":"2023-05-20","periodo":"AA","unidades":"2","fotografia":"foto_item_2.jpg","factura":"factura_item_2.png","manual":"manual_item_2.pdf","tieneMant":true,"motivoMant":"Revisar filtro EPA","numeroMNT":"20","unidadesMNT":"6","periodoMNT":"MM"},"3":{"codcategoria":"1","codtienda":"3","nombre":"Auriculares","marcamodelo":"Soundcore max-1000","notas":"","fcompra":"2019-07-15","importe":"30","fvtogarantia":"2021-07-15","periodo":"AA","unidades":"2","fotografia":"foto_item_3.jpg","factura":"","manual":"","tieneMant":false,"motivoMant":"","numeroMNT":"","unidadesMNT":"","periodoMNT":"AA"},"4":{"codcategoria":"2","codtienda":"0","nombre":"Cafetera","marcamodelo":"Nesspreso","notas":"","fcompra":"2016-09-25","importe":"95","fvtogarantia":"2018-09-25","periodo":"AA","unidades":"2","fotografia":"foto_item_4.jpg","factura":"","manual":"","tieneMant":false,"motivoMant":"","numeroMNT":"","unidadesMNT":"","periodoMNT":"AA"},"5":{"codcategoria":"0","codtienda":"6","nombre":"Calculadora","marcamodelo":"HP 17BII","notas":"","fcompra":"2007-09-30","importe":"95","fvtogarantia":"2009-09-30","periodo":"AA","unidades":"2","fotografia":"foto_item_5.jpg","factura":"","manual":"manual_item_5.pdf","tieneMant":false,"motivoMant":"","numeroMNT":"","unidadesMNT":"","periodoMNT":"AA"},"6":{"codcategoria":"8","codtienda":"0","nombre":"Reloj 1","marcamodelo":"Casio GW-7900","notas":"","fcompra":"2014-04-20","importe":"139","fvtogarantia":"2016-04-20","periodo":"AA","unidades":"2","fotografia":"foto_item_6.jpeg","factura":"","manual":"manual_item_6.pdf","tieneMant":false,"motivoMant":"","numeroMNT":"","unidadesMNT":"","periodoMNT":"AA"},"7":{"codcategoria":"7","codtienda":"6","nombre":"Impresora","marcamodelo":"Canon TS-6350","notas":"Modelo de cartucho: PGI-580XL y CLI-580XL","fcompra":"2021-02-17","importe":"139","fvtogarantia":"2023-05-24","periodo":"AA","unidades":"2","fotografia":"foto_item_7.jpg","factura":"factura_item_7.png","manual":"","tieneMant":false,"motivoMant":"","numeroMNT":"","unidadesMNT":"","periodoMNT":"AA"},"8":{"codcategoria":"5","codtienda":"6","nombre":"Lavadora","marcamodelo":"LG V.3250","notas":"","fcompra":"2015-06-30","importe":"490","fvtogarantia":"2017-06-30","periodo":"AA","unidades":"2","fotografia":"foto_item_8.jpg","factura":"","manual":"","tieneMant":false,"motivoMant":"","numeroMNT":"","unidadesMNT":"","periodoMNT":"AA"},"9":{"codcategoria":"5","codtienda":"6","nombre":"Lavavajillas","marcamodelo":"AEG Lavamat 30Z","notas":"","fcompra":"2017-10-10","importe":"550","fvtogarantia":"2019-10-10","periodo":"AA","unidades":"2","fotografia":"foto_item_9.png","factura":"","manual":"","tieneMant":false,"motivoMant":"","numeroMNT":"","unidadesMNT":"","periodoMNT":"AA"},"10":{"codcategoria":"5","codtienda":"9","nombre":"Microondas","marcamodelo":"Koenic","notas":"","fcompra":"2019-08-12","importe":"139","fvtogarantia":"2021-03-15","periodo":"AA","unidades":"2","fotografia":"foto_item_10.jpg","factura":"","manual":"","tieneMant":false,"motivoMant":"","numeroMNT":"","unidadesMNT":"","periodoMNT":"AA"},"11":{"codcategoria":"14","codtienda":"0","nombre":"Scooter","marcamodelo":"Piaggio X9 EVO 200","notas":"","fcompra":"2018-03-30","importe":"3950","fvtogarantia":"2020-03-30","periodo":"AA","unidades":"2","fotografia":"foto_item_11.jpg","factura":"","manual":"","tieneMant":true,"motivoMant":"Revisión anual","numeroMNT":"10","unidadesMNT":"1","periodoMNT":"AA"},"12":{"codcategoria":"7","codtienda":"4","nombre":"Portátil","marcamodelo":"HP Omen 15","notas":"SSD 500GB. 32GB RAM","fcompra":"2020-03-11","importe":"1114","fvtogarantia":"2022-03-11","periodo":"AA","unidades":"2","fotografia":"foto_item_12.jpg","factura":"factura_item_12.png","manual":"manual_item_12.pdf","tieneMant":false,"motivoMant":"","numeroMNT":"","unidadesMNT":"","periodoMNT":"AA"},"13":{"codcategoria":"8","codtienda":"0","nombre":"Reloj 2","marcamodelo":"Citizen Skyhawk U600","notas":"","fcompra":"2014-05-02","importe":"590","fvtogarantia":"2014-05-02","periodo":"AA","unidades":"","fotografia":"foto_item_13.jpeg","factura":"","manual":"manual_item_13.pdf","tieneMant":true,"motivoMant":"Revisar juntas","numeroMNT":"10","unidadesMNT":"2","periodoMNT":"AA"},"14":{"codcategoria":"12","codtienda":"3","nombre":"Móvil","marcamodelo":"Xiaomi Poco X3 NFC","notas":"","fcompra":"2021-01-02","importe":"190","fvtogarantia":"2023-01-02","periodo":"AA","unidades":"2","fotografia":"foto_item_14.jpg","factura":"factura_item_14.png","manual":"","tieneMant":false,"motivoMant":"","numeroMNT":"","unidadesMNT":"","periodoMNT":"AA"},"15":{"codcategoria":"5","codtienda":"6","nombre":"Secadora","marcamodelo":"LG 3100","notas":"","fcompra":"2020-09-10","importe":"495","fvtogarantia":"2022-09-10","periodo":"AA","unidades":"2","fotografia":"foto_item_15.jpg","factura":"","manual":"","tieneMant":true,"motivoMant":"Limpiar condensador","numeroMNT":"20","unidadesMNT":"3","periodoMNT":"MM"}}