{"2#2021-11-20":{"fechaPrevista":"2021-11-20","fechaReal":"","descripcion":"Revisar filtro EPA","estado":"P","observaciones":"","documento":""},"2#2022-05-20":{"fechaPrevista":"2022-05-20","fechaReal":"","descripcion":"Revisar filtro EPA","estado":"P","observaciones":"","documento":""},"2#2022-11-20":{"fechaPrevista":"2022-11-20","fechaReal":"","descripcion":"Revisar filtro EPA","estado":"P","observaciones":"","documento":""},"2#2023-05-20":{"fechaPrevista":"2023-05-20","fechaReal":"","descripcion":"Revisar filtro EPA","estado":"P","observaciones":"","documento":""},"2#2023-11-20":{"fechaPrevista":"2023-11-20","fechaReal":"","descripcion":"Revisar filtro EPA","estado":"P","observaciones":"","documento":""},"2#2024-05-20":{"fechaPrevista":"2024-05-20","fechaReal":"","descripcion":"Revisar filtro EPA","estado":"P","observaciones":"","documento":""},"2#2024-11-20":{"fechaPrevista":"2024-11-20","fechaReal":"","descripcion":"Revisar filtro EPA","estado":"P","observaciones":"","documento":""},"2#2025-05-20":{"fechaPrevista":"2025-05-20","fechaReal":"","descripcion":"Revisar filtro EPA","estado":"P","observaciones":"","documento":""},"2#2025-11-20":{"fechaPrevista":"2025-11-20","fechaReal":"","descripcion":"Revisar filtro EPA","estado":"P","observaciones":"","documento":""},"2#2026-05-20":{"fechaPrevista":"2026-05-20","fechaReal":"","descripcion":"Revisar filtro EPA","estado":"P","observaciones":"","documento":""},"2#2026-11-20":{"fechaPrevista":"2026-11-20","fechaReal":"","descripcion":"Revisar filtro EPA","estado":"P","observaciones":"","documento":""},"2#2027-05-20":{"fechaPrevista":"2027-05-20","fechaReal":"","descripcion":"Revisar filtro EPA","estado":"P","observaciones":"","documento":""},"2#2027-11-20":{"fechaPrevista":"2027-11-20","fechaReal":"","descripcion":"Revisar filtro EPA","estado":"P","observaciones":"","documento":""},"2#2028-05-20":{"fechaPrevista":"2028-05-20","fechaReal":"","descripcion":"Revisar filtro EPA","estado":"P","observaciones":"","documento":""},"2#2028-11-20":{"fechaPrevista":"2028-11-20","fechaReal":"","descripcion":"Revisar filtro EPA","estado":"P","observaciones":"","documento":""},"2#2029-05-20":{"fechaPrevista":"2029-05-20","fechaReal":"","descripcion":"Revisar filtro EPA","estado":"P","observaciones":"","documento":""},"2#2029-11-20":{"fechaPrevista":"2029-11-20","fechaReal":"","descripcion":"Revisar filtro EPA","estado":"P","observaciones":"","documento":""},"2#2030-05-20":{"fechaPrevista":"2030-05-20","fechaReal":"","descripcion":"Revisar filtro EPA","estado":"P","observaciones":"","documento":""},"2#2030-11-20":{"fechaPrevista":"2030-11-20","fechaReal":"","descripcion":"Revisar filtro EPA","estado":"P","observaciones":"","documento":""},"2#2031-05-20":{"fechaPrevista":"2031-05-20","fechaReal":"","descripcion":"Revisar filtro EPA","estado":"P","observaciones":"","documento":""},"11#2019-03-30":{"fechaPrevista":"2019-03-30","fechaReal":"2019-04-15","descripcion":"Revisión anual","estado":"R","observaciones":"Realizada","documento":"DocMNT_11#2019-03-30.jpg"},"11#2020-03-30":{"fechaPrevista":"2020-03-30","fechaReal":"2020-03-25","descripcion":"Revisión anual","estado":"R","observaciones":"Realizada","documento":"DocMNT_11#2020-03-30.jpg"},"11#2021-03-30":{"fechaPrevista":"2021-03-30","fechaReal":"2021-04-10","descripcion":"Revisión anual","estado":"R","observaciones":"Realizada","documento":"DocMNT_11#2021-03-30.jpg"},"11#2022-03-30":{"fechaPrevista":"2022-03-30","fechaReal":"","descripcion":"Revisión anual","estado":"P","observaciones":"","documento":""},"11#2023-03-30":{"fechaPrevista":"2023-03-30","fechaReal":"","descripcion":"Revisión anual","estado":"P","observaciones":"","documento":""},"11#2024-03-30":{"fechaPrevista":"2024-03-30","fechaReal":"","descripcion":"Revisión anual","estado":"P","observaciones":"","documento":""},"11#2025-03-30":{"fechaPrevista":"2025-03-30","fechaReal":"","descripcion":"Revisión anual","estado":"P","observaciones":"","documento":""},"11#2026-03-30":{"fechaPrevista":"2026-03-30","fechaReal":"","descripcion":"Revisión anual","estado":"P","observaciones":"","documento":""},"11#2027-03-30":{"fechaPrevista":"2027-03-30","fechaReal":"","descripcion":"Revisión anual","estado":"P","observaciones":"","documento":""},"11#2028-03-30":{"fechaPrevista":"2028-03-30","fechaReal":"","descripcion":"Revisión anual","estado":"P","observaciones":"","documento":""},"13#2016-05-02":{"fechaPrevista":"2016-05-02","fechaReal":"2016-05-10","descripcion":"Revisar juntas","estado":"R","observaciones":"Ok","documento":""},"13#2018-05-02":{"fechaPrevista":"2018-05-02","fechaReal":"2018-05-18","descripcion":"Revisar juntas","estado":"R","observaciones":"Cambio juntas","documento":"DocMNT_13#2018-05-02.jpg"},"13#2020-05-02":{"fechaPrevista":"2020-05-02","fechaReal":"2020-05-10","descripcion":"Revisar juntas","estado":"R","observaciones":"Ok","documento":""},"13#2022-05-02":{"fechaPrevista":"2022-05-02","fechaReal":"","descripcion":"Revisar juntas","estado":"P","observaciones":"","documento":""},"13#2024-05-02":{"fechaPrevista":"2024-05-02","fechaReal":"","descripcion":"Revisar juntas","estado":"P","observaciones":"","documento":""},"13#2026-05-02":{"fechaPrevista":"2026-05-02","fechaReal":"","descripcion":"Revisar juntas","estado":"P","observaciones":"","documento":""},"13#2028-05-02":{"fechaPrevista":"2028-05-02","fechaReal":"","descripcion":"Revisar juntas","estado":"P","observaciones":"","documento":""},"13#2030-05-02":{"fechaPrevista":"2030-05-02","fechaReal":"","descripcion":"Revisar juntas","estado":"P","observaciones":"","documento":""},"13#2032-05-02":{"fechaPrevista":"2032-05-02","fechaReal":"","descripcion":"Revisar juntas","estado":"P","observaciones":"","documento":""},"13#2034-05-02":{"fechaPrevista":"2034-05-02","fechaReal":"","descripcion":"Revisar juntas","estado":"P","observaciones":"","documento":""},"15#2020-12-10":{"fechaPrevista":"2020-12-10","fechaReal":"2020-12-10","descripcion":"Limpiar condensador","estado":"R","observaciones":"Hecho","documento":""},"15#2021-03-10":{"fechaPrevista":"2021-03-10","fechaReal":"2021-03-20","descripcion":"Limpiar condensador","estado":"R","observaciones":"Hecho","documento":""},"15#2021-06-10":{"fechaPrevista":"2021-06-10","fechaReal":"","descripcion":"Limpiar condensador","estado":"P","observaciones":"","documento":""},"15#2021-09-10":{"fechaPrevista":"2021-09-10","fechaReal":"","descripcion":"Limpiar condensador","estado":"P","observaciones":"","documento":""},"15#2021-12-10":{"fechaPrevista":"2021-12-10","fechaReal":"","descripcion":"Limpiar condensador","estado":"P","observaciones":"","documento":""},"15#2022-03-10":{"fechaPrevista":"2022-03-10","fechaReal":"","descripcion":"Limpiar condensador","estado":"P","observaciones":"","documento":""},"15#2022-06-10":{"fechaPrevista":"2022-06-10","fechaReal":"","descripcion":"Limpiar condensador","estado":"P","observaciones":"","documento":""},"15#2022-09-10":{"fechaPrevista":"2022-09-10","fechaReal":"","descripcion":"Limpiar condensador","estado":"P","observaciones":"","documento":""},"15#2022-12-10":{"fechaPrevista":"2022-12-10","fechaReal":"","descripcion":"Limpiar condensador","estado":"P","observaciones":"","documento":""},"15#2023-03-10":{"fechaPrevista":"2023-03-10","fechaReal":"","descripcion":"Limpiar condensador","estado":"P","observaciones":"","documento":""},"15#2023-06-10":{"fechaPrevista":"2023-06-10","fechaReal":"","descripcion":"Limpiar condensador","estado":"P","observaciones":"","documento":""},"15#2023-09-10":{"fechaPrevista":"2023-09-10","fechaReal":"","descripcion":"Limpiar condensador","estado":"P","observaciones":"","documento":""},"15#2023-12-10":{"fechaPrevista":"2023-12-10","fechaReal":"","descripcion":"Limpiar condensador","estado":"P","observaciones":"","documento":""},"15#2024-03-10":{"fechaPrevista":"2024-03-10","fechaReal":"","descripcion":"Limpiar condensador","estado":"P","observaciones":"","documento":""},"15#2024-06-10":{"fechaPrevista":"2024-06-10","fechaReal":"","descripcion":"Limpiar condensador","estado":"P","observaciones":"","documento":""},"15#2024-09-10":{"fechaPrevista":"2024-09-10","fechaReal":"","descripcion":"Limpiar condensador","estado":"P","observaciones":"","documento":""},"15#2024-12-10":{"fechaPrevista":"2024-12-10","fechaReal":"","descripcion":"Limpiar condensador","estado":"P","observaciones":"","documento":""},"15#2025-03-10":{"fechaPrevista":"2025-03-10","fechaReal":"","descripcion":"Limpiar condensador","estado":"P","observaciones":"","documento":""},"15#2025-06-10":{"fechaPrevista":"2025-06-10","fechaReal":"","descripcion":"Limpiar condensador","estado":"P","observaciones":"","documento":""},"15#2025-09-10":{"fechaPrevista":"2025-09-10","fechaReal":"","descripcion":"Limpiar condensador","estado":"P","observaciones":"","documento":""}}